{"v":"5.6.10","fr":29.9700012207031,"ip":0,"op":61.0000024845809,"w":990,"h":990,"nm":"合成 1","ddd":0,"assets":[{"id":"image_0","w":990,"h":990,"u":"images/","p":"img_0.png","e":0},{"id":"image_1","w":990,"h":990,"u":"images/","p":"img_1.png","e":0},{"id":"image_2","w":990,"h":990,"u":"images/","p":"img_2.png","e":0}],"layers":[{"ddd":0,"ind":1,"ty":2,"nm":"编组 2@3x.png","cl":"png","refId":"image_0","sr":1,"ks":{"o":{"a":0,"k":100,"ix":11},"r":{"a":0,"k":0,"ix":10},"p":{"a":0,"k":[495,495,0],"ix":2},"a":{"a":0,"k":[495,495,0],"ix":1},"s":{"a":0,"k":[100,100,100],"ix":6}},"ao":0,"ip":0,"op":150.000006109625,"st":0,"bm":0},{"ddd":0,"ind":2,"ty":2,"nm":"1.png","cl":"png","refId":"image_1","sr":1,"ks":{"o":{"a":1,"k":[{"i":{"x":[0.833],"y":[0.833]},"o":{"x":[0.167],"y":[0.167]},"t":31,"s":[100]},{"t":60.0000024438501,"s":[0]}],"ix":11},"r":{"a":0,"k":0,"ix":10},"p":{"a":0,"k":[495,495,0],"ix":2},"a":{"a":0,"k":[495,495,0],"ix":1},"s":{"a":1,"k":[{"i":{"x":[0.667,0.667,0.667],"y":[1,1,1]},"o":{"x":[0.333,0.333,0.333],"y":[0,0,0]},"t":0,"s":[37.778,37.778,100]},{"t":60.0000024438501,"s":[101.616,101.616,100]}],"ix":6}},"ao":0,"ip":0,"op":150.000006109625,"st":0,"bm":0},{"ddd":0,"ind":3,"ty":2,"nm":"2.png","cl":"png","refId":"image_2","sr":1,"ks":{"o":{"a":1,"k":[{"i":{"x":[0.833],"y":[0.833]},"o":{"x":[0.167],"y":[0.167]},"t":31,"s":[100]},{"t":60.0000024438501,"s":[0]}],"ix":11},"r":{"a":0,"k":0,"ix":10},"p":{"a":0,"k":[495,495,0],"ix":2},"a":{"a":0,"k":[495,495,0],"ix":1},"s":{"a":1,"k":[{"i":{"x":[0.667,0.667,0.667],"y":[1,1,1]},"o":{"x":[0.333,0.333,0.333],"y":[0,0,0]},"t":0,"s":[37.778,37.778,100]},{"t":60.0000024438501,"s":[101.616,101.616,100]}],"ix":6}},"ao":0,"ip":0,"op":150.000006109625,"st":0,"bm":0}],"markers":[]}